{
    "foreground_intensity_properties_per_channel": {
        "0": {
            "max": 661.9905395507812,
            "mean": 476.37823486328125,
            "median": 505.0086975097656,
            "min": 213.00650024414062,
            "percentile_00_5": 236.00743103027344,
            "percentile_99_5": 612.9930419921875,
            "std": 88.35842895507812
        },
        "1": {
            "max": 1092.0,
            "mean": 416.86370849609375,
            "median": 403.0,
            "min": 205.0,
            "percentile_00_5": 281.0,
            "percentile_99_5": 796.0,
            "std": 70.6246337890625
        },
        "2": {
            "max": 1020.0134887695312,
            "mean": 404.8985290527344,
            "median": 392.0023498535156,
            "min": 218.0076904296875,
            "percentile_00_5": 249.99794006347656,
            "percentile_99_5": 816.0016479492188,
            "std": 98.2297134399414
        },
        "3": {
            "max": 382.0001525878906,
            "mean": 270.5362243652344,
            "median": 268.0002746582031,
            "min": 37.99995422363281,
            "percentile_00_5": 142.99761962890625,
            "percentile_99_5": 367.99761962890625,
            "std": 47.731468200683594
        }
    },
    "median_relative_size_after_cropping": 1.0,
    "shapes_after_crop": [
        [
            155,
            240,
            240
        ],
        [
            155,
            240,
            240
        ],
        [
            155,
            240,
            240
        ],
        [
            155,
            240,
            240
        ],
        [
            155,
            240,
            240
        ]
    ],
    "spacings": [
        [
            1.0,
            1.0,
            1.0
        ],
        [
            1.0,
            1.0,
            1.0
        ],
        [
            1.0,
            1.0,
            1.0
        ],
        [
            1.0,
            1.0,
            1.0
        ],
        [
            1.0,
            1.0,
            1.0
        ]
    ]
}